playerID,name,debut,finalGame,primary_position,source_group,fangraphs_name,fangraphs_playerid,debut_year,final_year,player_name_key,fangraphs_name_key
judgeaa01,Aaron Judge,2016,NA,OF,Active Induction,NA,,2016,2026,aaron judge,aaron judge
jossad01,Addie Joss,1902,1910,P,Official Induction,NA,,1902,1910,addie joss,addie joss
beltrad01,Adrian Beltre,1998,2018,3B,Official Induction,NA,,1998,2018,adrian beltre,adrian beltre
kalinal01,Al Kaline,1953,1974,OF,Official Induction,NA,,1953,1974,al kaline,al kaline
simmoal01,Al Simmons,1924,1944,OF,Official Induction,NA,,1924,1944,al simmons,al simmons
spaldal01,Al Spalding,1871,1878,P,Corrective Induction,NA,,1871,1878,al spalding,al spalding
trammal01,Alan Trammell,1977,1996,SS,Official Induction,NA,,1977,1996,alan trammell,alan trammell
pujolal01,Albert Pujols,2001,2022,1B,Statistical Induction,NA,,2001,2022,albert pujols,albert pujols
rodrial01,Alex Rodriguez,1994,2016,SS,Statistical Induction,NA,,1994,2016,alex rodriguez,alex rodriguez
rusieam01,Amos Rusie,1889,1901,P,Official Induction,NA,,1889,1901,amos rusie,amos rusie
dawsoan01,Andre Dawson,1976,1996,OF,Official Induction,NA,,1976,1996,andre dawson,andre dawson
mccutan01,Andrew McCutchen,2009,NA,OF,Active Induction,NA,,2009,2026,andrew mccutchen,andrew mccutchen
jonesan01,Andruw Jones,1996,2012,OF,Official Induction,NA,,1996,2012,andruw jones,andruw jones
coopean99,Andy Cooper,NA,1939,P,Official Induction,NA,,1871,1939,andy cooper,andy cooper
vaughar01,Arky Vaughan,1932,1948,SS,Official Induction,NA,,1932,1948,arky vaughan,arky vaughan
chapmar01,Aroldis Chapman,2010,NA,P,Active Induction,NA,,2010,2026,aroldis chapman,aroldis chapman
ruthba01,Babe Ruth,1914,1935,OF,Official Induction,NA,,1914,1935,babe ruth,babe ruth
bondsba01,Barry Bonds,1986,2007,OF,Statistical Induction,NA,,1986,2007,barry bonds,barry bonds
larkiba01,Barry Larkin,1986,2004,SS,Official Induction,NA,,1986,2004,barry larkin,barry larkin
taylobe99,Ben Taylor,1912,1936,1B,Official Induction,NA,,1912,1936,ben taylor,ben taylor
zobribe01,Ben Zobrist,2006,2019,2B,Corrective Induction,Ben Zobrist,,2006,2019,ben zobrist,ben zobrist
blylebe01,Bert Blyleven,1970,1992,P,Official Induction,NA,,1970,1992,bert blyleven,bert blyleven
mcphebi01,Bid McPhee,1882,1899,2B,Official Induction,NA,,1882,1899,bid mcphee,bid mcphee
dahlebi01,Bill Dahlen,1891,1911,SS,Corrective Induction,Bill Dahlen,,1891,1911,bill dahlen,bill dahlen
dickebi01,Bill Dickey,1928,1946,C,Official Induction,NA,,1928,1946,bill dickey,bill dickey
mazerbi01,Bill Mazeroski,1956,1972,2B,Official Induction,NA,,1956,1972,bill mazeroski,bill mazeroski
terrybi01,Bill Terry,1923,1936,1B,Official Induction,NA,,1923,1936,bill terry,bill terry
hamilbi01,Billy Hamilton,1888,1901,OF,Official Induction,NA,,1888,1901,billy hamilton,billy hamilton
hermabi01,Billy Herman,1931,1947,2B,Official Induction,NA,,1931,1947,billy herman,billy herman
wagnebi02,Billy Wagner,1995,2010,P,Official Induction,NA,,1995,2010,billy wagner,billy wagner
willibi01,Billy Williams,1959,1976,OF,Official Induction,NA,,1959,1976,billy williams,billy williams
mackebi99,Biz Mackey,NA,1947,C,Official Induction,NA,,1871,1947,biz mackey,biz mackey
fellebo01,Bob Feller,1936,1956,P,Official Induction,NA,,1936,1956,bob feller,bob feller
gibsobo01,Bob Gibson,1959,1975,P,Official Induction,NA,,1959,1975,bob gibson,bob gibson
lemonbo01,Bob Lemon,1941,1958,P,Official Induction,NA,,1941,1958,bob lemon,bob lemon
abreubo01,Bobby Abreu,1996,2014,OF,Corrective Induction,Bobby Abreu,,1996,2014,bobby abreu,bobby abreu
bondsbo01,Bobby Bonds,1968,1981,OF,Corrective Induction,Bobby Bonds,,1968,1981,bobby bonds,bobby bonds
doerrbo01,Bobby Doerr,1937,1951,2B,Official Induction,NA,,1937,1951,bobby doerr,bobby doerr
grichbo01,Bobby Grich,1970,1986,2B,Corrective Induction,Bobby Grich,,1970,1986,bobby grich,bobby grich
wallabo01,Bobby Wallace,1894,1918,SS,Official Induction,NA,,1894,1918,bobby wallace,bobby wallace
saberbr01,Bret Saberhagen,1984,2001,P,Corrective Induction,NA,,1984,2001,bret saberhagen,bret saberhagen
robinbr01,Brooks Robinson,1955,1977,3B,Official Induction,NA,,1955,1977,brooks robinson,brooks robinson
suttebr01,Bruce Sutter,1976,1988,P,Official Induction,NA,,1976,1988,bruce sutter,bruce sutter
harpebr03,Bryce Harper,2012,NA,OF,Active Induction,NA,,2012,2026,bryce harper,bryce harper
ewingbu01,Buck Ewing,1880,1897,C,Official Induction,NA,,1880,1897,buck ewing,buck ewing
leonabu99,Buck Leonard,NA,1948,1B,Official Induction,NA,,1871,1948,buck leonard,buck leonard
roganbu99,Bullet Rogan,NA,1938,OF,Official Induction,NA,,1871,1938,bullet rogan,bullet rogan
grimebu01,Burleigh Grimes,1916,1934,P,Official Induction,NA,,1916,1934,burleigh grimes,burleigh grimes
poseybu01,Buster Posey,2009,2021,C,Corrective Induction,Buster Posey,,2009,2021,buster posey,buster posey
sabatcc01,CC Sabathia,2001,2019,P,Official Induction,NA,,2001,2019,cc sabathia,cc sabathia
ripkeca01,Cal Ripken,1981,2001,SS,Official Induction,Cal Ripken Jr.,,1981,2001,cal ripken,cal ripken jr
ansonca01,Cap Anson,1871,1897,1B,Official Induction,NA,,1871,1897,cap anson,cap anson
hubbeca01,Carl Hubbell,1928,1943,P,Official Induction,NA,,1928,1943,carl hubbell,carl hubbell
yastrca01,Carl Yastrzemski,1961,1983,OF,Official Induction,NA,,1961,1983,carl yastrzemski,carl yastrzemski
beltrca01,Carlos Beltran,1998,2017,OF,Official Induction,NA,,1998,2017,carlos beltran,carlos beltran
delgaca01,Carlos Delgado,1993,2009,1B,Corrective Induction,Carlos Delgado,,1993,2009,carlos delgado,carlos delgado
fiskca01,Carlton Fisk,1969,1993,C,Official Induction,NA,,1969,1993,carlton fisk,carlton fisk
hunteca01,Catfish Hunter,1965,1979,P,Official Induction,NA,,1965,1979,catfish hunter,catfish hunter
bendech01,Charles Bender,1903,1925,P,Official Induction,Chief Bender,,1903,1925,charles bender,chief bender
gehrich01,Charlie Gehringer,1924,1942,2B,Official Induction,NA,,1924,1942,charlie gehringer,charlie gehringer
utleych01,Chase Utley,2003,2018,2B,Corrective Induction,Chase Utley,,2003,2018,chase utley,chase utley
lemonch01,Chet Lemon,1975,1990,OF,Corrective Induction,Chet Lemon,,1975,1990,chet lemon,chet lemon
hafeych01,Chick Hafey,1924,1937,OF,Official Induction,NA,,1924,1937,chick hafey,chick hafey
jonesch06,Chipper Jones,1993,2012,3B,Official Induction,Chipper Jones Jr.,,1993,2012,chipper jones,chipper jones jr
salech01,Chris Sale,2010,NA,P,Active Induction,NA,,2010,2026,chris sale,chris sale
mathech01,Christy Mathewson,1900,1916,P,Official Induction,NA,,1900,1916,christy mathewson,christy mathewson
kleinch01,Chuck Klein,1928,1944,OF,Official Induction,NA,,1928,1944,chuck klein,chuck klein
griffcl01,Clark Griffith,1891,1914,P,Official Induction,NA,,1891,1914,clark griffith,clark griffith
kershcl01,Clayton Kershaw,2008,NA,P,Statistical Induction,NA,,2008,2026,clayton kershaw,clayton kershaw
hamelco01,Cole Hamels,2006,2020,P,Corrective Induction,NA,,2006,2020,cole hamels,cole hamels
bellco99,Cool Papa Bell,NA,1948,OF,Official Induction,NA,,1871,1948,cool papa bell,cool papa bell
seageco01,Corey Seager,2015,NA,SS,Active Induction,NA,,2015,2026,corey seager,corey seager
biggicr01,Craig Biggio,1988,2007,2B,Official Induction,NA,,1988,2007,craig biggio,craig biggio
kimbrcr01,Craig Kimbrel,2010,NA,P,Active Induction,NA,,2010,2026,craig kimbrel,craig kimbrel
torricr99,Cristóbal Torriente,1913,NA,OF,Official Induction,NA,,1913,2026,cristobal torriente,cristobal torriente
schilcu01,Curt Schilling,1988,2007,P,Statistical Induction,NA,,1988,2007,curt schilling,curt schilling
youngcy01,Cy Young,1890,1911,P,Official Induction,NA,,1890,1911,cy young,cy young
murphda05,Dale Murphy,1976,1993,OF,Corrective Induction,Dale Murphy,,1976,1993,dale murphy,dale murphy
broutda01,Dan Brouthers,1879,1904,1B,Official Induction,NA,,1879,1904,dan brouthers,dan brouthers
bancrda01,Dave Bancroft,1915,1930,SS,Official Induction,NA,,1915,1930,dave bancroft,dave bancroft
parkeda01,Dave Parker,1973,1991,OF,Official Induction,NA,,1973,1991,dave parker,dave parker
stiebda01,Dave Stieb,1979,1998,P,Corrective Induction,NA,,1979,1998,dave stieb,dave stieb
winfida01,Dave Winfield,1973,1995,OF,Official Induction,NA,,1973,1995,dave winfield,dave winfield
ortizda01,David Ortiz,1997,2016,1B,Official Induction,NA,,1997,2016,david ortiz,david ortiz
wrightda03,David Wright,2004,2018,3B,Corrective Induction,David Wright,,2004,2018,david wright,david wright
vanceda01,Dazzy Vance,1915,1935,P,Official Induction,NA,,1915,1935,dazzy vance,dazzy vance
whitede01,Deacon White,1871,1890,3B,Official Induction,NA,,1871,1890,deacon white,deacon white
eckerde01,Dennis Eckersley,1975,1998,P,Official Induction,NA,,1975,1998,dennis eckersley,dennis eckersley
jeterde01,Derek Jeter,1995,2014,SS,Official Induction,NA,,1995,2014,derek jeter,derek jeter
allendi01,Dick Allen,1963,1977,1B,Official Induction,NA,,1963,1977,dick allen,dick allen
deandi01,Dizzy Dean,1930,1947,P,Official Induction,NA,,1930,1947,dizzy dean,dizzy dean
drysddo01,Don Drysdale,1956,1969,P,Official Induction,NA,,1956,1969,don drysdale,don drysdale
suttodo01,Don Sutton,1966,1988,P,Official Induction,NA,,1966,1988,don sutton,don sutton
snidedu01,Duke Snider,1947,1964,OF,Official Induction,NA,,1947,1964,duke snider,duke snider
pedrodu01,Dustin Pedroia,2006,2019,2B,Corrective Induction,Dustin Pedroia,,2006,2019,dustin pedroia,dustin pedroia
evansdw01,Dwight Evans,1972,1991,OF,Corrective Induction,Dwight Evans,,1972,1991,dwight evans,dwight evans
goodedw01,Dwight Gooden,1984,2000,P,Corrective Induction,NA,,1984,2000,dwight gooden,dwight gooden
averiea01,Earl Averill,1929,1941,OF,Official Induction,Earl Averill Sr.,,1929,1941,earl averill,earl averill sr
combsea01,Earle Combs,1924,1935,OF,Official Induction,NA,,1924,1935,earle combs,earle combs
wynnea01,Early Wynn,1939,1963,P,Official Induction,NA,,1939,1963,early wynn,early wynn
delahed01,Ed Delahanty,1888,1903,OF,Official Induction,NA,,1888,1903,ed delahanty,ed delahanty
walshed01,Ed Walsh,1904,1917,P,Official Induction,NA,,1904,1917,ed walsh,ed walsh
roushed01,Edd Roush,1913,1931,OF,Official Induction,NA,,1913,1931,edd roush,edd roush
cicoted01,Eddie Cicotte,1905,1920,P,Corrective Induction,NA,,1905,1920,eddie cicotte,eddie cicotte
collied01,Eddie Collins,1906,1930,2B,Official Induction,Eddie Collins Sr.,,1906,1930,eddie collins,eddie collins sr
matheed01,Eddie Mathews,1952,1968,3B,Official Induction,NA,,1952,1968,eddie mathews,eddie mathews
murraed02,Eddie Murray,1977,1997,1B,Official Induction,NA,,1977,1997,eddie murray,eddie murray
planked01,Eddie Plank,1901,1917,P,Official Induction,NA,,1901,1917,eddie plank,eddie plank
martied01,Edgar Martinez,1987,2004,3B,Official Induction,NA,,1987,2004,edgar martinez,edgar martinez
flickel01,Elmer Flick,1898,1910,OF,Official Induction,NA,,1898,1910,elmer flick,elmer flick
slaugen01,Enos Slaughter,1938,1959,OF,Official Induction,NA,,1938,1959,enos slaughter,enos slaughter
rixeyep01,Eppa Rixey,1912,1933,P,Official Induction,NA,,1912,1933,eppa rixey,eppa rixey
bankser01,Ernie Banks,1953,1971,1B,Official Induction,NA,,1953,1971,ernie banks,ernie banks
lombaer01,Ernie Lombardi,1931,1947,C,Official Induction,NA,,1931,1947,ernie lombardi,ernie lombardi
hernafe02,Felix Hernandez,2005,2019,P,Corrective Induction,NA,,2005,2019,felix hernandez,felix hernandez
jenkife01,Fergie Jenkins,1965,1983,P,Official Induction,NA,,1965,1983,fergie jenkins,fergie jenkins
lindofr01,Francisco Lindor,2015,NA,SS,Active Induction,NA,,2015,2026,francisco lindor,francisco lindor
rodrifr03,Francisco Rodriguez,2002,2017,P,Corrective Induction,NA,,2002,2017,francisco rodriguez,francisco rodriguez
chancfr01,Frank Chance,1898,1914,1B,Official Induction,NA,,1898,1914,frank chance,frank chance
robinfr02,Frank Robinson,1956,1976,OF,Official Induction,NA,,1956,1976,frank robinson,frank robinson
thomafr04,Frank Thomas,1990,2008,1B,Official Induction,NA,,1990,2008,frank thomas,frank thomas
friscfr01,Frankie Frisch,1919,1937,2B,Official Induction,NA,,1919,1937,frankie frisch,frankie frisch
clarkfr01,Fred Clarke,1894,1915,OF,Official Induction,NA,,1894,1915,fred clarke,fred clarke
mcgrifr01,Fred McGriff,1986,2004,1B,Official Induction,NA,,1986,2004,fred mcgriff,fred mcgriff
freemfr01,Freddie Freeman,2010,NA,1B,Active Induction,NA,,2010,2026,freddie freeman,freddie freeman
lindsfr01,Freddie Lindstrom,1924,1936,3B,Official Induction,NA,,1924,1936,freddie lindstrom,freddie lindstrom
hartnga01,Gabby Hartnett,1922,1941,C,Official Induction,NA,,1922,1941,gabby hartnett,gabby hartnett
cartega01,Gary Carter,1974,1992,C,Official Induction,NA,,1974,1992,gary carter,gary carter
sheffga01,Gary Sheffield,1988,2009,OF,Statistical Induction,NA,,1988,2009,gary sheffield,gary sheffield
perryga01,Gaylord Perry,1962,1983,P,Official Induction,NA,,1962,1983,gaylord perry,gaylord perry
brettge01,George Brett,1973,1993,3B,Official Induction,NA,,1973,1993,george brett,george brett
davisge01,George Davis,1890,1909,SS,Official Induction,NA,,1890,1909,george davis,george davis
kellge01,George Kell,1943,1957,3B,Official Induction,NA,,1943,1957,george kell,george kell
kellyge01,George Kelly,1915,1932,1B,Official Induction,NA,,1915,1932,george kelly,george kelly
sislege01,George Sisler,1915,1930,1B,Official Induction,NA,,1915,1930,george sisler,george sisler
colege01,Gerrit Cole,2013,NA,P,Active Induction,NA,,2013,2026,gerrit cole,gerrit cole
stantmi03,Giancarlo Stanton,2010,NA,OF,Active Induction,NA,,2010,2026,giancarlo stanton,giancarlo stanton
hodgegi01,Gil Hodges,1943,1963,1B,Official Induction,NA,,1943,1963,gil hodges,gil hodges
gosligo01,Goose Goslin,1921,1938,OF,Official Induction,NA,,1921,1938,goose goslin,goose goslin
nettlgr01,Graig Nettles,1967,1988,3B,Corrective Induction,Graig Nettles,,1967,1988,graig nettles,graig nettles
maddugr01,Greg Maddux,1986,2008,P,Official Induction,NA,,1986,2008,greg maddux,greg maddux
wilsoha01,Hack Wilson,1923,1934,OF,Official Induction,NA,,1923,1934,hack wilson,hack wilson
newhoha01,Hal Newhouser,1939,1955,P,Official Induction,NA,,1939,1955,hal newhouser,hal newhouser
aaronha01,Hank Aaron,1954,1976,OF,Official Induction,NA,,1954,1976,hank aaron,hank aaron
greenha01,Hank Greenberg,1930,1947,1B,Official Induction,NA,,1930,1947,hank greenberg,hank greenberg
killeha01,Harmon Killebrew,1954,1975,1B,Official Induction,NA,,1954,1975,harmon killebrew,harmon killebrew
baineha01,Harold Baines,1980,2001,OF,Official Induction,NA,,1980,2001,harold baines,harold baines
heilmha01,Harry Heilmann,1914,1932,OF,Official Induction,NA,,1914,1932,harry heilmann,harry heilmann
hoopeha01,Harry Hooper,1909,1925,OF,Official Induction,NA,,1909,1925,harry hooper,harry hooper
manushe01,Heinie Manush,1923,1939,OF,Official Induction,NA,,1923,1939,heinie manush,heinie manush
pennohe01,Herb Pennock,1912,1934,P,Official Induction,NA,,1912,1934,herb pennock,herb pennock
smithhi99,Hilton Smith,NA,1948,P,Official Induction,NA,,1871,1948,hilton smith,hilton smith
bakerfr01,Home Run Baker,1908,1922,3B,Official Induction,NA,,1908,1922,home run baker,home run baker
wagneho01,Honus Wagner,1897,1917,SS,Official Induction,NA,,1897,1917,honus wagner,honus wagner
wilheho01,Hoyt Wilhelm,1952,1972,P,Official Induction,NA,,1952,1972,hoyt wilhelm,hoyt wilhelm
duffyhu01,Hugh Duffy,1888,1906,OF,Official Induction,NA,,1888,1906,hugh duffy,hugh duffy
jennihu01,Hughie Jennings,1891,1918,SS,Official Induction,NA,,1891,1918,hughie jennings,hughie jennings
suzukic01,Ichiro Suzuki,2001,2019,OF,Official Induction,NA,,2001,2019,ichiro suzuki,ichiro suzuki
rodriiv01,Ivan Rodriguez,1991,2011,C,Official Induction,NA,,1991,2011,ivan rodriguez,ivan rodriguez
chesbja01,Jack Chesbro,1899,1909,P,Official Induction,NA,,1899,1909,jack chesbro,jack chesbro
morrija02,Jack Morris,1977,1994,P,Official Induction,NA,,1977,1994,jack morris,jack morris
robinja02,Jackie Robinson,1947,1956,2B,Official Induction,NA,,1947,1956,jackie robinson,jackie robinson
degroja01,Jacob deGrom,2014,NA,P,Active Induction,NA,,2014,2026,jacob degrom,jacob degrom
becklja01,Jake Beckley,1888,1907,1B,Official Induction,NA,,1888,1907,jake beckley,jake beckley
moyerja01,Jamie Moyer,1986,2012,P,Corrective Induction,NA,,1986,2012,jamie moyer,jamie moyer
bagweje01,Jeff Bagwell,1991,2005,1B,Official Induction,NA,,1991,2005,jeff bagwell,jeff bagwell
kentje01,Jeff Kent,1992,2008,2B,Official Induction,NA,,1992,2008,jeff kent,jeff kent
burkeje01,Jesse Burkett,1890,1905,OF,Official Induction,NA,,1890,1905,jesse burkett,jesse burkett
haineje01,Jesse Haines,1918,1937,P,Official Induction,NA,,1918,1937,jesse haines,jesse haines
bottoji01,Jim Bottomley,1922,1937,1B,Official Induction,NA,,1922,1937,jim bottomley,jim bottomley
bunniji01,Jim Bunning,1955,1971,P,Official Induction,NA,,1955,1971,jim bunning,jim bunning
kaatji01,Jim Kaat,1959,1983,P,Official Induction,NA,,1959,1983,jim kaat,jim kaat
mccorji01,Jim McCormick,1878,1887,P,Corrective Induction,NA,,1878,1887,jim mccormick,jim mccormick
orourji01,Jim O'Rourke,1872,1904,OF,Official Induction,NA,,1872,1904,jim o rourke,jim o rourke
palmeji01,Jim Palmer,1965,1984,P,Official Induction,NA,,1965,1984,jim palmer,jim palmer
riceji01,Jim Rice,1974,1989,OF,Official Induction,NA,,1974,1989,jim rice,jim rice
thomeji01,Jim Thome,1991,2012,1B,Official Induction,NA,,1991,2012,jim thome,jim thome
foxxji01,Jimmie Foxx,1925,1945,1B,Official Induction,NA,,1925,1945,jimmie foxx,jimmie foxx
colliji01,Jimmy Collins,1895,1908,3B,Official Induction,NA,,1895,1908,jimmy collins,jimmy collins
cronijo01,Joe Cronin,1926,1945,SS,Official Induction,NA,,1926,1945,joe cronin,joe cronin
dimagjo01,Joe DiMaggio,1936,1951,OF,Official Induction,NA,,1936,1951,joe dimaggio,joe dimaggio
gordojo01,Joe Gordon,1938,1950,2B,Official Induction,NA,,1938,1950,joe gordon,joe gordon
jacksjo01,Joe Jackson,1908,1920,OF,Corrective Induction,Joe Jackson,,1908,1920,joe jackson,joe jackson
kellejo01,Joe Kelley,1891,1908,OF,Official Induction,NA,,1891,1908,joe kelley,joe kelley
mauerjo01,Joe Mauer,2004,2018,C,Official Induction,NA,,2004,2018,joe mauer,joe mauer
mcginjo01,Joe McGinnity,1899,1908,P,Official Induction,NA,,1899,1908,joe mcginnity,joe mcginnity
medwijo01,Joe Medwick,1932,1948,OF,Official Induction,NA,,1932,1948,joe medwick,joe medwick
morgajo02,Joe Morgan,1963,1984,2B,Official Induction,NA,,1963,1984,joe morgan,joe morgan
nathajo01,Joe Nathan,1999,2016,P,Corrective Induction,NA,,1999,2016,joe nathan,joe nathan
seweljo01,Joe Sewell,1920,1933,SS,Official Induction,NA,,1920,1933,joe sewell,joe sewell
tinkejo01,Joe Tinker,1902,1916,SS,Official Induction,NA,,1902,1916,joe tinker,joe tinker
willijo99,Joe Williams,NA,1932,P,Official Induction,NA,,1871,1932,joe williams,joe williams
vottojo01,Joey Votto,2007,2023,1B,Corrective Induction,Joey Votto,,2007,2023,joey votto,joey votto
santajo02,Johan Santana,2000,2012,P,Corrective Induction,NA,,2000,2012,johan santana,johan santana
clarkjo01,John Clarkson,1882,1894,P,Official Induction,NA,,1882,1894,john clarkson,john clarkson
francjo01,John Franco,1984,2005,P,Corrective Induction,NA,,1984,2005,john franco,john franco
lloydpo99,John Henry Lloyd,1912,NA,SS,Official Induction,NA,,1912,2026,john henry lloyd,john henry lloyd
hillejo01,John Hiller,1965,1980,P,Corrective Induction,NA,,1965,1980,john hiller,john hiller
olerujo01,John Olerud,1989,2005,1B,Corrective Induction,John Olerud,,1989,2005,john olerud,john olerud
smoltjo01,John Smoltz,1988,2009,P,Official Induction,NA,,1988,2009,john smoltz,john smoltz
wardjo01,John Ward,1878,1894,SS,Official Induction,NA,,1878,1894,john ward,john ward
benchjo01,Johnny Bench,1967,1983,C,Official Induction,NA,,1967,1983,johnny bench,johnny bench
eversjo01,Johnny Evers,1902,1929,2B,Official Induction,NA,,1902,1929,johnny evers,johnny evers
mizejo01,Johnny Mize,1936,1953,1B,Official Induction,NA,,1936,1953,johnny mize,johnny mize
altuvjo01,Jose Altuve,2011,NA,2B,Active Induction,NA,,2011,2026,jose altuve,jose altuve
ramirjo01,Jose Ramirez,2013,NA,3B,Active Induction,NA,,2013,2026,jose ramirez,jose ramirez
gibsojo99,Josh Gibson,NA,1946,C,Official Induction,NA,,1871,1946,josh gibson,josh gibson
mendejo99,José Méndez,1912,1926,P,Official Induction,NA,,1912,1926,jose mendez,jose mendez
maricju01,Juan Marichal,1960,1975,P,Official Induction,NA,,1960,1975,juan marichal,juan marichal
sotoju01,Juan Soto,2018,NA,OF,Active Induction,NA,,2018,2026,juan soto,juan soto
wilsoju99,Jud Wilson,NA,1945,3B,Official Induction,NA,,1871,1945,jud wilson,jud wilson
johnsju99,Judy Johnson,NA,1936,3B,Official Induction,NA,,1871,1936,judy johnson,judy johnson
verlaju01,Justin Verlander,2005,NA,P,Statistical Induction,NA,,2005,2026,justin verlander,justin verlander
hernake01,Keith Hernandez,1974,1990,1B,Corrective Induction,Keith Hernandez,,1974,1990,keith hernandez,keith hernandez
griffke02,Ken Griffey Jr.,1989,2010,OF,Official Induction,NA,,1989,2010,ken griffey jr,ken griffey jr
janseke01,Kenley Jansen,2010,NA,P,Active Induction,NA,,2010,2026,kenley jansen,kenley jansen
loftoke01,Kenny Lofton,1991,2007,OF,Corrective Induction,Kenny Lofton,,1991,2007,kenny lofton,kenny lofton
brownke01,Kevin Brown,1986,2005,P,Corrective Induction,NA,,1986,2005,kevin brown,kevin brown
nichoki01,Kid Nichols,1890,1906,P,Official Induction,NA,,1890,1906,kid nichols,kid nichols
cuyleki01,Kiki Cuyler,1921,1938,OF,Official Induction,NA,,1921,1938,kiki cuyler,kiki cuyler
kellyki01,King Kelly,1878,1893,OF,Official Induction,NA,,1878,1893,king kelly,king kelly
puckeki01,Kirby Puckett,1984,1995,OF,Official Induction,NA,,1984,1995,kirby puckett,kirby puckett
dobyla01,Larry Doby,1947,1959,OF,Official Induction,NA,,1947,1959,larry doby,larry doby
walkela01,Larry Walker,1989,2005,OF,Official Induction,NA,,1989,2005,larry walker,larry walker
smithle02,Lee Smith,1980,1997,P,Official Induction,NA,,1980,1997,lee smith,lee smith
gomezle01,Lefty Gomez,1930,1943,P,Official Induction,NA,,1930,1943,lefty gomez,lefty gomez
grovele01,Lefty Grove,1925,1941,P,Official Induction,NA,,1925,1941,lefty grove,lefty grove
dayle99,Leon Day,NA,1949,P,Official Induction,NA,,1871,1949,leon day,leon day
wanerll01,Lloyd Waner,1927,1945,OF,Official Induction,NA,,1927,1945,lloyd waner,lloyd waner
boudrlo01,Lou Boudreau,1938,1952,SS,Official Induction,NA,,1938,1952,lou boudreau,lou boudreau
brocklo01,Lou Brock,1961,1979,OF,Official Induction,NA,,1961,1979,lou brock,lou brock
gehrilo01,Lou Gehrig,1923,1939,1B,Official Induction,NA,,1923,1939,lou gehrig,lou gehrig
whitalo01,Lou Whitaker,1977,1995,2B,Corrective Induction,Lou Whitaker,,1977,1995,lou whitaker,lou whitaker
santolo99,Louis Santop,NA,NA,C,Official Induction,NA,,1871,2026,louis santop,louis santop
aparilu01,Luis Aparicio,1956,1973,SS,Official Induction,NA,,1956,1973,luis aparicio,luis aparicio
tiantlu01,Luis Tiant,1964,1982,P,Corrective Induction,NA,,1964,1982,luis tiant,luis tiant
applilu01,Luke Appling,1930,1950,SS,Official Induction,NA,,1930,1950,luke appling,luke appling
machama01,Manny Machado,2012,NA,3B,Active Induction,NA,,2012,2026,manny machado,manny machado
ramirma02,Manny Ramirez,1993,2011,OF,Statistical Induction,Manny Ramirez,,1993,2011,manny ramirez,manny ramirez
riverma01,Mariano Rivera,1995,2013,P,Official Induction,NA,,1995,2013,mariano rivera,mariano rivera
buehrma01,Mark Buehrle,2000,2015,P,Corrective Induction,NA,,2000,2015,mark buehrle,mark buehrle
mcgwima01,Mark McGwire,1986,2001,1B,Statistical Induction,NA,,1986,2001,mark mcgwire,mark mcgwire
dihigma99,Martín Dihigo,NA,1945,OF,Official Induction,NA,,1871,1945,martin dihigo,martin dihigo
careyma01,Max Carey,1910,1929,OF,Official Induction,NA,,1910,1929,max carey,max carey
scherma01,Max Scherzer,2008,NA,P,Statistical Induction,NA,,2008,2026,max scherzer,max scherzer
ottme01,Mel Ott,1926,1947,OF,Official Induction,NA,,1926,1947,mel ott,mel ott
cochrmi01,Mickey Cochrane,1925,1937,C,Official Induction,NA,,1925,1937,mickey cochrane,mickey cochrane
mantlmi01,Mickey Mantle,1951,1968,OF,Official Induction,NA,,1951,1968,mickey mantle,mickey mantle
welchmi01,Mickey Welch,1880,1892,P,Official Induction,NA,,1880,1892,mickey welch,mickey welch
cabremi01,Miguel Cabrera,2003,NA,1B,Statistical Induction,NA,,2003,2026,miguel cabrera,miguel cabrera
mussimi01,Mike Mussina,1991,2008,P,Official Induction,NA,,1991,2008,mike mussina,mike mussina
piazzmi01,Mike Piazza,1992,2007,C,Official Induction,NA,,1992,2007,mike piazza,mike piazza
schmimi01,Mike Schmidt,1972,1989,3B,Official Induction,NA,,1972,1989,mike schmidt,mike schmidt
troutmi01,Mike Trout,2011,NA,OF,Active Induction,NA,,2011,2026,mike trout,mike trout
minosmi01,Minnie Miñoso,1949,1980,OF,Official Induction,NA,,1949,1980,minnie minoso,minnie minoso
irvinmo01,Monte Irvin,1949,1956,OF,Official Induction,NA,,1949,1956,monte irvin,monte irvin
bettsmo01,Mookie Betts,2014,NA,OF,Active Induction,NA,,2014,2026,mookie betts,mookie betts
brownmo01,Mordecai Brown,1903,1916,P,Official Induction,NA,,1903,1916,mordecai brown,mordecai brown
suttlmu99,Mule Suttles,NA,1948,1B,Official Induction,NA,,1871,1948,mule suttles,mule suttles
lajoina01,Nap Lajoie,1896,1916,2B,Official Induction,NA,,1896,1916,nap lajoie,nap lajoie
foxne01,Nellie Fox,1947,1965,2B,Official Induction,NA,,1947,1965,nellie fox,nellie fox
arenano01,Nolan Arenado,2013,NA,3B,Active Induction,NA,,2013,2026,nolan arenado,nolan arenado
ryanno01,Nolan Ryan,1966,1993,P,Official Induction,Nolan Ryan Jr.,,1966,1993,nolan ryan,nolan ryan jr
radboch01,Old Hoss Radbourn,1880,1891,P,Official Induction,NA,,1880,1891,old hoss radbourn,old hoss radbourn
cepedor01,Orlando Cepeda,1958,1974,1B,Official Induction,NA,,1958,1974,orlando cepeda,orlando cepeda
charlos99,Oscar Charleston,NA,1941,OF,Official Induction,NA,,1871,1941,oscar charleston,oscar charleston
smithoz01,Ozzie Smith,1978,1996,SS,Official Induction,NA,,1978,1996,ozzie smith,ozzie smith
goldspa01,Paul Goldschmidt,2011,NA,1B,Active Induction,NA,,2011,2026,paul goldschmidt,paul goldschmidt
molitpa01,Paul Molitor,1978,1998,3B,Official Induction,NA,,1978,1998,paul molitor,paul molitor
wanerpa01,Paul Waner,1926,1945,OF,Official Induction,NA,,1926,1945,paul waner,paul waner
martipe02,Pedro Martinez,1992,2009,P,Official Induction,NA,,1992,2009,pedro martinez,pedro martinez
reesepe01,Pee Wee Reese,1940,1958,SS,Official Induction,NA,,1940,1958,pee wee reese,pee wee reese
alexape01,Pete Alexander,1911,1930,P,Official Induction,Grover Alexander,,1911,1930,pete alexander,grover alexander
hillpe99,Pete Hill,NA,NA,OF,Official Induction,NA,,1871,2026,pete hill,pete hill
rosepe01,Pete Rose,1963,1986,OF,Statistical Induction,NA,,1963,1986,pete rose,pete rose
niekrph01,Phil Niekro,1964,1987,P,Official Induction,NA,,1964,1987,phil niekro,phil niekro
rizzuph01,Phil Rizzuto,1941,1956,SS,Official Induction,NA,,1941,1956,phil rizzuto,phil rizzuto
traynpi01,Pie Traynor,1920,1937,3B,Official Induction,NA,,1920,1937,pie traynor,pie traynor
galvipu01,Pud Galvin,1875,1892,P,Official Induction,NA,,1875,1892,pud galvin,pud galvin
maranra01,Rabbit Maranville,1912,1935,SS,Official Induction,NA,,1912,1935,rabbit maranville,rabbit maranville
palmera01,Rafael Palmeiro,1986,2005,1B,Statistical Induction,NA,,1986,2005,rafael palmeiro,rafael palmeiro
kinerra01,Ralph Kiner,1946,1955,OF,Official Induction,NA,,1946,1955,ralph kiner,ralph kiner
johnsra05,Randy Johnson,1988,2009,P,Official Induction,NA,,1988,2009,randy johnson,randy johnson
brownra99,Ray Brown,NA,1945,P,Official Induction,NA,,1871,1945,ray brown,ray brown
dandrra99,Ray Dandridge,NA,1949,3B,Official Induction,NA,,1871,1949,ray dandridge,ray dandridge
schalra01,Ray Schalk,1912,1929,C,Official Induction,NA,,1912,1929,ray schalk,ray schalk
faberre01,Red Faber,1914,1933,P,Official Induction,NA,,1914,1933,red faber,red faber
ruffire01,Red Ruffing,1924,1947,P,Official Induction,NA,,1924,1947,red ruffing,red ruffing
schoere01,Red Schoendienst,1945,1963,2B,Official Induction,NA,,1945,1963,red schoendienst,red schoendienst
jacksre01,Reggie Jackson,1967,1987,OF,Official Induction,NA,,1967,1987,reggie jackson,reggie jackson
gossari01,Rich Gossage,1972,1994,P,Official Induction,NA,,1972,1994,rich gossage,rich gossage
ashburi01,Richie Ashburn,1948,1962,OF,Official Induction,NA,,1948,1962,richie ashburn,richie ashburn
ferreri01,Rick Ferrell,1929,1947,C,Official Induction,NA,,1929,1947,rick ferrell,rick ferrell
henderi01,Rickey Henderson,1979,2003,OF,Official Induction,NA,,1979,2003,rickey henderson,rickey henderson
alomaro01,Roberto Alomar,1988,2004,2B,Official Induction,NA,,1988,2004,roberto alomar,roberto alomar
clemero01,Roberto Clemente,1955,1972,OF,Official Induction,NA,,1955,1972,roberto clemente,roberto clemente
roberro01,Robin Roberts,1948,1966,P,Official Induction,NA,,1948,1966,robin roberts,robin roberts
yountro01,Robin Yount,1974,1993,SS,Official Induction,NA,,1974,1993,robin yount,robin yount
canoro01,Robinson Cano,2005,2022,2B,Corrective Induction,Robinson Cano,,2005,2022,robinson cano,robinson cano
carewro01,Rod Carew,1967,1985,1B,Official Induction,NA,,1967,1985,rod carew,rod carew
bresnro01,Roger Bresnahan,1897,1915,C,Official Induction,NA,,1897,1915,roger bresnahan,roger bresnahan
clemero02,Roger Clemens,1984,2007,P,Statistical Induction,NA,,1984,2007,roger clemens,roger clemens
connoro01,Roger Connor,1880,1897,1B,Official Induction,NA,,1880,1897,roger connor,roger connor
hornsro01,Rogers Hornsby,1915,1937,2B,Official Induction,NA,,1915,1937,rogers hornsby,rogers hornsby
fingero01,Rollie Fingers,1968,1985,P,Official Induction,NA,,1968,1985,rollie fingers,rollie fingers
santoro01,Ron Santo,1960,1974,3B,Official Induction,NA,,1960,1974,ron santo,ron santo
youngro01,Ross Youngs,1917,1926,OF,Official Induction,NA,,1917,1926,ross youngs,ross youngs
camparo01,Roy Campanella,1948,1957,C,Official Induction,NA,,1948,1957,roy campanella,roy campanella
hallaro01,Roy Halladay,1998,2013,P,Official Induction,NA,,1998,2013,roy halladay,roy halladay
oswalro01,Roy Oswalt,2001,2013,P,Corrective Induction,NA,,2001,2013,roy oswalt,roy oswalt
marquru01,Rube Marquard,1908,1925,P,Official Induction,NA,,1908,1925,rube marquard,rube marquard
wadderu01,Rube Waddell,1897,1910,P,Official Induction,NA,,1897,1910,rube waddell,rube waddell
sandbry01,Ryne Sandberg,1981,1997,2B,Official Induction,NA,,1981,1997,ryne sandberg,ryne sandberg
crawfsa01,Sam Crawford,1899,1917,OF,Official Induction,NA,,1899,1917,sam crawford,sam crawford
ricesa01,Sam Rice,1915,1934,OF,Official Induction,NA,,1915,1934,sam rice,sam rice
thompsa01,Sam Thompson,1885,1906,OF,Official Induction,NA,,1885,1906,sam thompson,sam thompson
sosasa01,Sammy Sosa,1989,2007,OF,Statistical Induction,NA,,1989,2007,sammy sosa,sammy sosa
koufasa01,Sandy Koufax,1955,1966,P,Official Induction,NA,,1955,1966,sandy koufax,sandy koufax
paigesa01,Satchel Paige,1948,1965,P,Official Induction,NA,,1948,1965,satchel paige,satchel paige
rolensc01,Scott Rolen,1996,2012,3B,Official Induction,NA,,1996,2012,scott rolen,scott rolen
ohtansh01,Shohei Ohtani,2018,NA,P,Active Induction,NA,,2018,2026,shohei ohtani,shohei ohtani
covelst01,Stan Coveleski,1912,1928,P,Official Induction,NA,,1912,1928,stan coveleski,stan coveleski
musiast01,Stan Musial,1941,1963,OF,Official Induction,NA,,1941,1963,stan musial,stan musial
carltst01,Steve Carlton,1965,1988,P,Official Induction,NA,,1965,1988,steve carlton,steve carlton
lyonste01,Ted Lyons,1923,1946,P,Official Induction,NA,,1923,1946,ted lyons,ted lyons
simmote01,Ted Simmons,1968,1988,C,Official Induction,NA,,1968,1988,ted simmons,ted simmons
willite01,Ted Williams,1939,1960,OF,Official Induction,NA,,1939,1960,ted williams,ted williams
keefeti01,Tim Keefe,1880,1893,P,Official Induction,NA,,1880,1893,tim keefe,tim keefe
raineti01,Tim Raines,1979,2002,OF,Official Induction,Tim Raines Sr.,,1979,2002,tim raines,tim raines sr
heltoto01,Todd Helton,1997,2013,1B,Official Induction,NA,,1997,2013,todd helton,todd helton
glavito02,Tom Glavine,1987,2008,P,Official Induction,NA,,1987,2008,tom glavine,tom glavine
seaveto01,Tom Seaver,1967,1986,P,Official Induction,NA,,1967,1986,tom seaver,tom seaver
mccarto01,Tommy McCarthy,1884,1896,OF,Official Induction,NA,,1884,1896,tommy mccarthy,tommy mccarthy
gwynnto01,Tony Gwynn,1982,2001,OF,Official Induction,NA,,1982,2001,tony gwynn,tony gwynn
lazzeto01,Tony Lazzeri,1926,1939,2B,Official Induction,NA,,1926,1939,tony lazzeri,tony lazzeri
olivato01,Tony Oliva,1962,1976,OF,Official Induction,NA,,1962,1976,tony oliva,tony oliva
perezto01,Tony Perez,1964,1986,1B,Official Induction,NA,,1964,1986,tony perez,tony perez
jackstr01,Travis Jackson,1922,1936,SS,Official Induction,NA,,1922,1936,travis jackson,travis jackson
hoffmtr01,Trevor Hoffman,1993,2010,P,Official Induction,NA,,1993,2010,trevor hoffman,trevor hoffman
speaktr01,Tris Speaker,1907,1928,OF,Official Induction,Tristram Speaker,,1907,1928,tris speaker,tristram speaker
steartu99,Turkey Stearnes,NA,1940,OF,Official Induction,NA,,1871,1940,turkey stearnes,turkey stearnes
cobbty01,Ty Cobb,1905,1928,OF,Official Induction,NA,,1905,1928,ty cobb,ty cobb
willivi01,Vic Willis,1898,1910,P,Official Induction,NA,,1898,1910,vic willis,vic willis
guerrvl01,Vladimir Guerrero,1996,2011,OF,Official Induction,NA,,1996,2011,vladimir guerrero,vladimir guerrero
boggswa01,Wade Boggs,1982,1999,3B,Official Induction,NA,,1982,1999,wade boggs,wade boggs
hoytwa01,Waite Hoyt,1918,1938,P,Official Induction,NA,,1918,1938,waite hoyt,waite hoyt
johnswa01,Walter Johnson,1907,1927,P,Official Induction,NA,,1907,1927,walter johnson,walter johnson
spahnwa01,Warren Spahn,1942,1965,P,Official Induction,NA,,1942,1965,warren spahn,warren spahn
fordwh01,Whitey Ford,1950,1967,P,Official Induction,NA,,1950,1967,whitey ford,whitey ford
brownwi02,Willard Brown,1947,1949,OF,Official Induction,NA,,1947,1949,willard brown,willard brown
fostebi99,Willie Foster,NA,1938,P,Official Induction,NA,,1871,1938,willie foster,willie foster
keelewi01,Willie Keeler,1892,1910,OF,Official Induction,NA,,1892,1910,willie keeler,willie keeler
mayswi01,Willie Mays,1951,1973,OF,Official Induction,NA,,1951,1973,willie mays,willie mays
mccovwi01,Willie McCovey,1959,1980,1B,Official Induction,NA,,1959,1980,willie mccovey,willie mccovey
stargwi01,Willie Stargell,1962,1982,OF,Official Induction,NA,,1962,1982,willie stargell,willie stargell
wellswi99,Willie Wells,NA,1949,SS,Official Induction,NA,,1871,1949,willie wells,willie wells
molinya01,Yadier Molina,2004,2022,C,Corrective Induction,NA,,2004,2022,yadier molina,yadier molina
berrayo01,Yogi Berra,1946,1965,C,Official Induction,NA,,1946,1965,yogi berra,yogi berra
britzza01,Zack Britton,2011,2022,P,Corrective Induction,NA,,2011,2022,zack britton,zack britton
greinza01,Zack Greinke,2004,2023,P,Corrective Induction,NA,,2004,2023,zack greinke,zack greinke
wheatza01,Zack Wheat,1909,1927,OF,Official Induction,NA,,1909,1927,zack wheat,zack wheat
